{
    "accuracy": 0.9161,
    "f1_score": 0.7472,
    "recall": 0.6429,
    "precision": 0.8919,
    "best_params": {
        "reg_lambda": 7.5024999999999995,
        "reg_alpha": 0.0,
        "min_child_weight": 5,
        "max_depth": 8,
        "learning_rate": 0.2236842105263158,
        "gamma": 0.0,
        "colsample_bytree": 1.0
    }
}